File Path, Line Number, Line
C:\Users\004DVP744\Documents\UKRI Docs\BIP Keyword Testing\SHARP Reports\OTL Grand Reconciliation STFC\SHARP_REP_HCM_171_OTL Grand Reconciliation_DM\_datamodel.xdm, 655, AND flv.lookup_type = 'SHARP_REP_HCM_171_DIVISION'
C:\Users\004DVP744\Documents\UKRI Docs\BIP Keyword Testing\SHARP Reports\OTL Grand Reconciliation STFC\SHARP_REP_HCM_171_OTL Grand Reconciliation_DM\_datamodel.xdm, 786, AND flv.lookup_type = 'SHARP_REP_HCM_171_DIVISION']]>
C:\Users\004DVP744\Documents\UKRI Docs\BIP Keyword Testing\SHARP Reports\OTL Grand Reconciliation STFC\SHARP_REP_HCM_171_OTL Grand Reconciliation_V1\_datamodel.xdm, 759, AND flv.lookup_type = 'SHARP_REP_HCM_171_DIVISION'
C:\Users\004DVP744\Documents\UKRI Docs\BIP Keyword Testing\SHARP Reports\OTL Grand Reconciliation STFC\SHARP_REP_HCM_171_OTL Grand Reconciliation_V1\_datamodel.xdm, 969, AND flv.lookup_type = 'SHARP_REP_HCM_171_DIVISION']]>
C:\Users\004DVP744\Documents\UKRI Docs\BIP Keyword Testing\SHARP Reports\OTL Grand Reconciliation STFC\SHARP_REP_HCM_171_OTL Grand Reconciliation_V2\_datamodel.xdm, 869, AND flv.lookup_type = 'SHARP_REP_HCM_171_DIVISION'
C:\Users\004DVP744\Documents\UKRI Docs\BIP Keyword Testing\SHARP Reports\OTL Grand Reconciliation STFC\SHARP_REP_HCM_171_OTL Grand Reconciliation_V2\_datamodel.xdm, 1085, AND flv.lookup_type = 'SHARP_REP_HCM_171_DIVISION']]>
C:\Users\004DVP744\Documents\UKRI Docs\BIP Keyword Testing\SHARP Reports\OTL Grand Reconciliation STFC\SHARP_REP_HCM_171_OTL Grand Reconciliation_V4\_datamodel.xdm, 873, AND flv.lookup_type = 'SHARP_REP_HCM_171_DIVISION'
C:\Users\004DVP744\Documents\UKRI Docs\BIP Keyword Testing\SHARP Reports\OTL Grand Reconciliation STFC\SHARP_REP_HCM_171_OTL Grand Reconciliation_V4\_datamodel.xdm, 1089, AND flv.lookup_type = 'SHARP_REP_HCM_171_DIVISION']]>
C:\Users\004DVP744\Documents\UKRI Docs\BIP Keyword Testing\SHARP Reports\OTL Grand Reconciliation STFC\SHARP_REP_HCM_171_OTL Grand Reconciliation_V5\_datamodel.xdm, 879, AND flv.lookup_type = 'SHARP_REP_HCM_171_DIVISION'
C:\Users\004DVP744\Documents\UKRI Docs\BIP Keyword Testing\SHARP Reports\OTL Grand Reconciliation STFC\SHARP_REP_HCM_171_OTL Grand Reconciliation_V5\_datamodel.xdm, 1095, AND flv.lookup_type = 'SHARP_REP_HCM_171_DIVISION']]>
C:\Users\004DVP744\Documents\UKRI Docs\BIP Keyword Testing\SHARP Reports\Timecard Discrepancy Report\SHARP_TIMECARD_DM_CR104\_datamodel.xdm, 705, AND flv.lookup_type = 'SHARP_REP_HCM_171_DIVISION'
C:\Users\004DVP744\Documents\UKRI Docs\BIP Keyword Testing\SHARP Reports\Timecard Discrepancy Report\SHARP_TIMECARD_DM_CR104\_datamodel.xdm, 851, AND flv.lookup_type = 'SHARP_REP_HCM_171_DIVISION']]>
